pair_id,word1,word2,quadrant,true_similarity,true_relatedness,rationale_zh,hownet_similarity,llm_cosine,retrofitted_cosine
P01,醫生,護士,Q1,HIGH,LOW,同為醫療從業人員義原高度重疊；但無典型事件共現,0.7919999999999999,0.7198740243911743,0.9874632954597473
P02,貓,狗,Q1,HIGH,LOW,同為哺乳類寵物；日常共現但非因果事件關係,0.865,0.6838171482086182,0.9552462100982666
P03,蘋果,橘子,Q1,HIGH,LOW,同為水果上位概念完全重合；無工具/場所因果連結,1.0,0.4399552941322326,0.9185012578964233
P04,鋼琴,吉他,Q1,HIGH,LOW,同為樂器；演奏場合偶有重疊但非強因果連結,1.0,0.6336721181869507,0.9568496942520142
P05,教師,教授,Q1,HIGH,LOW,同為教育工作者；職銜相似但非同一事件參與者,0.7873749999999999,0.6876742243766785,0.9858229756355286
P06,醫生,手術刀,Q2,LOW,HIGH,工具-使用者關係(Agent-Instrument)；本體類別完全不同,0.4067931034482758,0.4996309280395508,0.6509235501289368
P07,貓,老鼠,Q2,LOW,HIGH,捕食者-獵物關係(Agent-Target)；事件共現極強,0.5744444444444444,0.6150283813476562,0.7543274164199829
P08,鋼琴,音樂廳,Q2,LOW,HIGH,樂器-場所關係(Instrument-Location)；強事件連結,0.3437931034482758,0.44290691614151,0.5140626430511475
P09,蘋果,果農,Q2,LOW,HIGH,產品-生產者關係(Product-Agent)；因果連結強,0.486,0.5466910600662231,0.6982731819152832
P10,書,圖書館,Q2,LOW,HIGH,物件-儲存場所關係(Object-Location)；連結強,0.318235294117647,0.6483197212219238,0.5958476066589355
P11,狐狸,狼,Q3,HIGH,LOW,同為野生犬科肉食動物；棲地偶有重疊非強因果,1.0,0.5704509019851685,0.9795572757720947
P12,岩石,礦石,Q3,HIGH,LOW,同為地質材料；類別相近但無強事件連結,0.73,0.6303431987762451,0.9080688953399658
P13,星星,月亮,Q3,HIGH,MED,同為天體；同時出現於夜空描述有一定共現,1.0,0.686846137046814,0.9759286046028137
P14,悲傷,憂愁,Q3,HIGH,LOW,近義詞；情感類別完全重疊幾乎可互換,0.7777777777777778,0.6830894947052002,0.9486768245697021
P15,春天,夏天,Q3,HIGH,LOW,同為季節；按時序出現但非因果連結,0.7214285714285714,0.7092418074607849,0.9486439228057861
P16,醫生,鋼琴,Q4,LOW,LOW,無義原交集；無典型事件共現,0.3437931034482758,0.378181517124176,0.4978107810020447
P17,貓,飛機,Q4,LOW,LOW,無共同上位概念；無事件關聯,0.3299999999999999,0.3692994117736816,0.41636908054351807
P18,蘋果,地毯,Q4,LOW,LOW,物件類別完全不同；無事件關聯,0.7961934731934731,0.3347620666027069,0.9225704073905945
P19,書,汽車,Q4,LOW,LOW,無共同類別；無強事件連結,0.38,0.4524673223495483,0.45246732234954834
P20,教師,螃蟹,Q4,LOW,LOW,無義原交集；無任何事件關聯,0.4633333333333334,0.3999164700508117,0.594733715057373
