pair_id,word1,word2,quadrant,rationale_zh,hownet_similarity,llm_cosine,retrofitted_cosine
P01,醫生,護士,Q1,醫療從業人員，義原重疊；非因果事件,0.7919999999999999,0.7198740243911743,0.9985537528991699
P02,貓,狗,Q1,哺乳類寵物，上位概念完全重疊,0.865,0.6838171482086182,0.9713561534881592
P03,蘋果,橘子,Q1,水果，上位概念重疊；無工具場所關聯,1.0,0.43995529413223267,0.9373757839202881
P04,鋼琴,吉他,Q1,樂器；演奏場合偶有重疊但非強因果,1.0,0.6336721181869507,0.9718289971351624
P05,教師,教授,Q1,教育工作者；職銜相近但非同一事件參與者,0.7873749999999999,0.6876742243766785,0.9983605742454529
P06,狐狸,狼,Q1,野生犬科動物；生態位相近非因果,1.0,0.5704509019851685,0.9957585334777832
P07,卡車,公車,Q1,大型機動載具；分類重疊,0.9014285714285714,0.6142537593841553,0.9693549275398254
P08,襯衫,毛衣,Q1,上身服裝衣物；功能與本體一致,0.993925,0.5673090219497681,0.9700506329536438
P09,椅子,沙發,Q1,坐具家具；義原完全重疊,1.0,0.7096190452575684,0.9846147298812866
P10,筷子,叉子,Q1,進餐餐具；功能一致無事件共現,0.9595,0.6433005332946777,0.9993800520896912
P11,咖啡,紅茶,Q1,日常嗜好飲品；上位概念重疊,1.0,0.5628942251205444,0.9138525724411011
P12,畫家,雕塑家,Q1,視覺藝術創作者；無因果關聯,0.8083333333333332,0.6456902027130127,0.9982157349586487
P13,警察,消防員,Q1,公共安全緊急救援從業者,0.73,0.645432710647583,0.9975090026855469
P14,獅子,老虎,Q1,大型貓科掠食動物,1.0,0.5156910419464111,0.9952729940414429
P15,輪船,潛水艇,Q1,水中航行載具,0.4865217391304347,0.5294973254203796,0.5917445421218872
P16,眼睛,耳朵,Q1,人體感覺器官；無事件共生,0.7975,0.7278356552124023,0.9968677759170532
P17,鉛筆,鋼筆,Q1,書寫繪圖文具,1.0,0.6999974250793457,0.9994632005691528
P18,太陽,北極星,Q1,宇宙恆星天體,1.0,0.44472458958625793,0.970272421836853
P19,鋤頭,鏟子,Q1,農作翻土工具,0.73,0.6341376304626465,0.9992359280586243
P20,跑步,游泳,Q1,全身有氧體育運動,0.8181818181818182,0.6850177645683289,0.9521406888961792
P21,醫生,手術刀,Q2,使用者-工具 (Agent-Instrument),0.4067931034482758,0.4996309280395508,0.7982722520828247
P22,貓,老鼠,Q2,捕食者-獵物 (Agent-Target),0.5744444444444444,0.6150283813476562,0.9205145835876465
P23,鋼琴,音樂廳,Q2,樂器-場所 (Instrument-Location),0.34379310344827585,0.44290691614151,0.5723971128463745
P24,蘋果,果農,Q2,產品-生產者 (Product-Agent),0.486,0.5466910600662231,0.8202411532402039
P25,書,圖書館,Q2,物件-存放場所 (Object-Location),0.31823529411764706,0.6483197212219238,0.6450904011726379
P26,司機,汽車,Q2,駕駛者-載具 (Agent-Vehicle),0.31823529411764706,0.6177622079849243,0.6382112503051758
P27,警察,手銬,Q2,執法者-裝備 (Agent-Instrument),0.34379310344827585,0.30419036746025085,0.7941569089889526
P28,廚師,鍋鏟,Q2,烹飪者-工具 (Agent-Instrument),0.37968845228548515,0.4593590199947357,0.7993320226669312
P29,蜜蜂,蜂蜜,Q2,生產者-產品 (Producer-Product),0.34379310344827585,0.7792580127716064,0.6668539047241211
P30,漁夫,漁網,Q2,捕撈者-工具 (Agent-Instrument),0.45179310344827583,0.6736695170402527,0.8040145635604858
P31,飛機,機場,Q2,載具-樞紐場所 (Vehicle-Location),0.41888888888888887,0.7461749315261841,0.7304818630218506
P32,學生,教室,Q2,學習者-場所 (Agent-Location),0.3692576923076923,0.6181435585021973,0.6171671152114868
P33,士兵,步槍,Q2,作戰者-武器 (Agent-Instrument),0.3756819923371647,0.5254350900650024,0.5036355257034302
P34,咖啡,咖啡豆,Q2,製品-原料 (Product-Material),1.0,0.7762095332145691,0.9912691116333008
P35,法官,法庭,Q2,審判者-場所 (Agent-Location),0.44299999999999995,0.7339637875556946,0.8882831931114197
P36,畫家,畫布,Q2,創作者-載體媒介 (Agent-Medium),0.4382931034482758,0.6659004092216492,0.8027702569961548
P37,鳥,鳥巢,Q2,動物-棲所 (Agent-Habitat),0.3566666666666667,0.816143810749054,0.5137938261032104
P38,消防員,水帶,Q2,救援者-裝備 (Agent-Instrument),0.0,0.28673890233039856,0.37175482511520386
P39,演員,劇院,Q2,表演者-場所 (Agent-Location),0.44299999999999995,0.5342801809310913,0.6290562152862549
P40,牛,牛奶,Q2,生物源-產物 (Source-Product),0.24304347826086956,0.6518707871437073,0.845738410949707
P41,湯匙,叉子,Q3,餐具且常成對使用,0.8422906976744186,0.38469386100769043,0.9989058971405029
P42,鉛筆,橡皮擦,Q3,文具且常配套修正,0.8124999999999999,0.4871912896633148,0.9990787506103516
P43,襯衫,領帶,Q3,正裝服飾且同框配戴,0.24724137931034482,0.4907546639442444,0.6019375324249268
P44,桌子,椅子,Q3,家具且成對擺放,0.823,0.789189875125885,0.9789478778839111
P45,門,窗,Q3,建築開口部件且常並稱,0.859,0.6331126689910889,0.995874285697937
P46,鎖,鑰匙,Q3,安全配具且配對運作,0.9071399594320486,0.6341936588287354,0.9993321895599365
P47,牙膏,牙刷,Q3,潔牙衛生工具且配套,0.9959499999999999,0.7639474868774414,0.9995902180671692
P48,鹽,糖,Q3,基礎調味料且廚房常並列,0.95,0.5553299188613892,0.9814273118972778
P49,碗,盤,Q3,盛裝餐具且餐席共現,1.0,0.516227662563324,0.9985706806182861
P50,眼睛,眉毛,Q3,面部相鄰五官器官,0.816,0.6262911558151245,0.9957048892974854
P51,手,腳,Q3,人體四肢,0.7893333333333332,0.5576706528663635,0.9693167209625244
P52,筆記本,鋼筆,Q3,書寫記錄文具且配套,0.5744444444444444,0.537520170211792,0.8868354558944702
P53,星星,月亮,Q3,夜空天體且常同框出現在文本,1.0,0.686846137046814,0.9831500053405762
P54,太陽,陽光,Q3,恆星天體與其輻射產物,1.0,0.736114501953125,0.9487536549568176
P55,春天,夏天,Q3,連續時序季節,0.7214285714285714,0.7092418074607849,0.9486439228057861
P56,悲傷,憂愁,Q3,近義情感狀態,0.7777777777777778,0.6830894947052002,0.9486768245697021
P57,牛肉,豬肉,Q3,食用牲畜肉類且常並列,0.9595,0.7470957636833191,0.9855957627296448
P58,枕頭,棉被,Q3,寢具且成套使用,0.8268684210526315,0.49441957473754883,0.9990754127502441
P59,電腦,螢幕,Q3,電子運算設備且相連運作,0.0,0.40736454725265503,0.4796964228153229
P60,茶壺,茶杯,Q3,飲茶器皿且配套使用,1.0,0.6548504829406738,0.9994396567344666
P61,醫生,鋼琴,Q4,控制對照組,0.34379310344827585,0.378181517124176,0.7085458040237427
P62,貓,飛機,Q4,控制對照組,0.32999999999999996,0.36929941177368164,0.5805164575576782
P63,蘋果,地毯,Q4,控制對照組,0.7961934731934731,0.3347620666027069,0.9969145059585571
P64,書,汽車,Q4,控制對照組,0.38,0.45246732234954834,0.5636818408966064
P65,教師,螃蟹,Q4,控制對照組,0.4633333333333334,0.39991647005081177,0.7490610480308533
P66,警察,鳳梨,Q4,控制對照組,0.44999999999999996,0.1987505555152893,0.8083481192588806
P67,司機,斑馬,Q4,控制對照組,0.4633333333333334,0.4319792687892914,0.7417969107627869
P68,鋼琴,拖鞋,Q4,控制對照組,0.4633333333333334,0.2929397225379944,0.553665280342102
P69,護士,駱駝,Q4,控制對照組,0.4633333333333334,0.224427729845047,0.7331715226173401
P70,廚師,火箭,Q4,控制對照組,0.35273529411764704,0.248958021402359,0.614632248878479
P71,飛機,牙膏,Q4,控制對照組,0.4865217391304347,0.2749056816101074,0.6174772381782532
P72,蜜蜂,梳子,Q4,控制對照組,0.4284573643410852,0.3467646837234497,0.48836690187454224
P73,圖書館,辣椒,Q4,控制對照組,0.38,0.2859601080417633,0.6147736310958862
P74,畫家,磚頭,Q4,控制對照組,0.38,0.33563125133514404,0.9003890156745911
P75,法官,冰淇淋,Q4,控制對照組,0.3641200265251989,0.2463618814945221,0.7095093727111816
P76,手術刀,窗簾,Q4,控制對照組,0.7730344827586206,0.20062826573848724,0.9984512329101562
P77,橘子,潛水艇,Q4,控制對照組,0.34379310344827585,0.22543677687644958,0.45231449604034424
P78,學生,帳篷,Q4,控制對照組,0.4127931034482758,0.3259943127632141,0.7989603281021118
P79,士兵,吉他,Q4,控制對照組,0.34379310344827585,0.466172993183136,0.7212313413619995
P80,牛奶,螺絲釘,Q4,控制對照組,0.7589857257417802,0.13944336771965027,0.989712119102478
