pair_id,word1,word2,quadrant,true_similarity,true_relatedness,rationale_zh
P01,醫生,護士,Q1,HIGH,LOW,同為醫療從業人員義原高度重疊；但無典型事件共現
P02,貓,狗,Q1,HIGH,LOW,同為哺乳類寵物；日常共現但非因果事件關係
P03,蘋果,橘子,Q1,HIGH,LOW,同為水果上位概念完全重合；無工具/場所因果連結
P04,鋼琴,吉他,Q1,HIGH,LOW,同為樂器；演奏場合偶有重疊但非強因果連結
P05,教師,教授,Q1,HIGH,LOW,同為教育工作者；職銜相似但非同一事件參與者
P06,醫生,手術刀,Q2,LOW,HIGH,工具-使用者關係(Agent-Instrument)；本體類別完全不同
P07,貓,老鼠,Q2,LOW,HIGH,捕食者-獵物關係(Agent-Target)；事件共現極強
P08,鋼琴,音樂廳,Q2,LOW,HIGH,樂器-場所關係(Instrument-Location)；強事件連結
P09,蘋果,果農,Q2,LOW,HIGH,產品-生產者關係(Product-Agent)；因果連結強
P10,書,圖書館,Q2,LOW,HIGH,物件-儲存場所關係(Object-Location)；連結強
P11,狐狸,狼,Q3,HIGH,LOW,同為野生犬科肉食動物；棲地偶有重疊非強因果
P12,岩石,礦石,Q3,HIGH,LOW,同為地質材料；類別相近但無強事件連結
P13,星星,月亮,Q3,HIGH,MED,同為天體；同時出現於夜空描述有一定共現
P14,悲傷,憂愁,Q3,HIGH,LOW,近義詞；情感類別完全重疊幾乎可互換
P15,春天,夏天,Q3,HIGH,LOW,同為季節；按時序出現但非因果連結
P16,醫生,鋼琴,Q4,LOW,LOW,無義原交集；無典型事件共現
P17,貓,飛機,Q4,LOW,LOW,無共同上位概念；無事件關聯
P18,蘋果,地毯,Q4,LOW,LOW,物件類別完全不同；無事件關聯
P19,書,汽車,Q4,LOW,LOW,無共同類別；無強事件連結
P20,教師,螃蟹,Q4,LOW,LOW,無義原交集；無任何事件關聯
